{
  "约旦": [36.238414, 30.585164],
  "巴林": [50.637772, 25.930414],
  "阿拉伯联合酋长国": [53.847818, 23.424076],
  "阿曼": [55.923255, 21.512583],
  "印度": [78.96288, 20.593684],
  "新加坡": [103.819836, 1.352083],
  "越南": [108.277199, 14.058324],
  "中国": [104.195397, 35.86166],
  "葡萄牙": [-8.224454, 39.399872],
  "英国": [71.876519, -6.343194],
  "西班牙": [-3.74922, 40.463667],
  "法国": [2.213749, 46.227638],
  "比利时": [4.469936, 50.503887],
  "荷兰": [5.291266, 52.132633],
  "意大利": [12.56738, 41.87194],
  "丹麦": [9.501785, 56.26392],
  "挪威": [8.468946, 60.472024],
  "瑞典": [18.643501, 60.128161],
  "芬兰": [25.748151, 61.92411],
  "加拿大": [-106.346771, 56.130366],
  "美国": [-170.132217, -14.270972],
  "墨西哥": [-102.552784, 23.634501],
  "秘鲁": [-75.015152, -9.189967],
  "智利": [-71.542969, -35.675147],
  "阿根廷": [-63.616672, -38.416097],
  "巴西": [-51.92528, -14.235004],
  "委内瑞拉": [-66.58973, 6.42375],
  "佛得角": [-24.013197, 16.002082],
  "摩洛哥": [-7.09262, 31.791702],
  "安哥拉": [17.873887, -11.202692],
  "莫桑比克": [35.529562, -18.665695]
}
